,Condition,Mean Ratio,Standard Deviation
0,19,0.8260254521594763,0.020581621236957684
1,20,0.8482713759230711,0.0195304050945632
2,21,0.8687509266239539,0.012152981256697108
3,22,1.2712846023758195,0.019799951669956885
4,23,1.267292915276298,0.010177964766999791
5,24,1.2769513930885419,0.042336727357037716
6,25,1.7681087263869906,0.0292429446964402
7,26,1.8147342337345198,0.033413010512591594
8,27,1.8025769633676412,0.041325749522024086
