,Condition,Mean Ratio,Standard Deviation
0,19,0.9484305145710967,0.021958988136143883
1,20,0.9109698660268473,0.02406449143983441
2,21,0.8831053592095837,0.016553265769146248
3,22,1.3473674477052242,0.02688806701380425
4,23,1.325808013388195,0.03447868972723844
5,24,1.2757641835968463,0.026582496764715895
6,25,1.9295254187340671,0.03791528839323786
7,26,1.8914256039271602,0.033102796956834525
8,27,1.77018155067796,0.03827553856208428
