,Condition,Mean Ratio,Standard Deviation
0,19,0.8283345307119234,0.01564146466293458
1,20,0.8394529743474906,0.018406104976639984
2,21,0.8347860098740844,0.019987667500844124
3,22,1.2244247222138211,0.028758791710248914
4,23,1.2395622927305636,0.02298583137179075
5,24,1.22391023861819,0.015299971391640516
6,25,1.7397454717349983,0.031836525815646735
7,26,1.7414102699773681,0.02936730604903391
8,27,1.7165932986580132,0.025728122879908263
