,Condition,Mean Ratio,Standard Deviation
0,19,0.7698642575667781,0.03943707804079168
1,20,0.9352730034427237,0.03346512682292111
2,21,0.9400601104596922,0.022807461522325167
3,22,1.4059661350754982,0.05006537021469017
4,23,1.44546171978963,0.013898612345229374
5,24,1.4208788326583914,0.01594556212137755
6,25,2.0685054762036175,0.022784128240638173
7,26,2.132848925836174,0.028138684753138462
8,27,2.001670810696189,0.03704562417193673
