,Condition,Mean Ratio,Standard Deviation
0,19,0.8839966392983184,0.007622923229035693
1,20,1.0518402641754871,0.015240934992899493
2,21,1.085672499865833,0.019084679697324275
3,22,1.5653510224721976,0.009323092142544242
4,23,1.6386143882221815,0.014549529083873065
5,24,1.6562582836553568,0.016912970595930416
6,25,2.24284898743158,0.03201343542506272
7,26,2.4194782392834813,0.037183772449078355
8,27,2.4106575634366734,0.012941281406453594
