,Condition,Mean Ratio,Standard Deviation
0,19,0.9970364934513029,0.028144331487385425
1,20,1.133305929279169,0.006401620275626657
2,21,1.1624052796865871,0.008200083770199582
3,22,1.734748304320424,0.010480947220210233
4,23,1.8390622940189545,0.01818231462845366
5,24,1.7761083335124925,0.023910376037136024
6,25,2.5874684472317417,0.03961533357276133
7,26,2.7286276911156326,0.04144924547776558
8,27,2.734351577327618,0.03968818358153809
