,Condition,Mean Ratio,Standard Deviation
0,1_Repeat,1.1279215007875405,0.020235517790346606
1,1_Repeat_2,1.05988475925742,0.006376075283291787
2,1_Repeat_3,1.058156770665687,0.016720609172328354
3,19_Repeat,1.0838737835118726,0.014565526633198406
4,19_Repeat_1,1.05943854165784,0.015179424998902584
5,19_Repeat_2,1.1027713485579145,0.015266968178589215
6,10_Repeat,3.2004057642806716,0.049203961695157186
7,10_Repeat_2,3.883493548927465,0.0718177734298278
8,10_Repeat_3,3.8913283290031737,0.056561406883090956
