,Condition,Mean Ratio,Standard Deviation
0,1_Repeat,0.8290337334008562,0.018827330206622694
1,1_Repeat_2,0.8576651926349887,0.018936310758875738
2,1_Repeat_3,0.8627272956236265,0.03217893905622151
3,19_Repeat,0.9158031067568511,0.01821127578981413
4,19_Repeat_1,0.9109119791136926,0.0175527315088675
5,19_Repeat_2,0.9331252934292387,0.03132328608410193
6,10_Repeat,2.714750220400102,0.06019942245974491
7,10_Repeat_2,2.9019622541014516,0.061875611358071715
8,10_Repeat_3,2.858167633212117,0.06577650738707178
