,Condition,Mean Ratio,Standard Deviation
0,1_Repeat,0.8772884129311181,0.019307780182484947
1,1_Repeat_2,1.07851468962642,0.022655389823179575
2,1_Repeat_3,1.150950751636047,0.013604825466273668
3,19_Repeat,1.1010884776948815,0.036556342944504036
4,19_Repeat_1,1.108232038152957,0.020525045212953785
5,19_Repeat_2,1.1186598542862716,0.011231218350156006
6,10_Repeat,3.745565701860876,0.07650824050994955
7,10_Repeat_2,3.8557186063353135,0.04550125973038881
8,10_Repeat_3,3.876112363438857,0.055399137990560746
