,Condition,Mean Ratio,Standard Deviation
0,1_Repeat,0.6348890609702899,0.026287234058643087
1,1_Repeat_2,0.7646163101889598,0.026652742120126832
2,1_Repeat_3,0.802219358992814,0.0339828254718486
3,19_Repeat,0.8771092765170359,0.028322796058786667
4,19_Repeat_1,0.8653598240856049,0.019387248398885285
5,19_Repeat_2,0.8480767791060781,0.026492323976008498
6,10_Repeat,2.402748911900192,0.0618289836371807
7,10_Repeat_2,2.504733414929604,0.07059642449275441
8,10_Repeat_3,2.506345086115286,0.05540016031771539
