,Condition,Mean Ratio,Standard Deviation
0,1_Repeat,1.0525857625157242,0.016408160800129374
1,1_Repeat_2,1.0873649631733397,0.01616410331619923
2,1_Repeat_3,1.1441946209220926,0.015984201606290792
3,19_Repeat,1.0741200894739475,0.026042609239506343
4,19_Repeat_1,1.100181655050268,0.015716683181526577
5,19_Repeat_2,1.1018816938400335,0.012215444574971616
6,10_Repeat,3.1592184566933015,0.08348330859294108
7,10_Repeat_2,3.9229015797550035,0.09764682060362104
8,10_Repeat_3,3.7937656766562675,0.058019536664513545
