,Condition,Mean Ratio,Standard Deviation
0,1_Repeat,0.8631292857304059,0.024782326753624222
1,1_Repeat_2,0.9144740301787234,0.03736934905916046
2,1_Repeat_3,0.9481700280513705,0.02804691362312328
3,19_Repeat,0.9783147150971561,0.025758021430147104
4,19_Repeat_1,0.9958821423073072,0.018711698024515545
5,19_Repeat_2,0.9861143893685996,0.02527639013088657
6,10_Repeat,2.7045763951583828,0.2685916436122242
7,10_Repeat_2,3.192331324344223,0.0800975295031483
8,10_Repeat_3,3.2446339266931,0.07846614961036129
