,Original Spectral Index,Vinyl Peak Area,R2_Vinyl,pxyl Peak Area,R2_pxyl,Vinyl Divide pxyl
count,10.0,10.0,10.0,10.0,10.0,10.0
mean,164.5,130422.640375277,0.9752874882861142,123997.12381139735,0.9888043175058743,1.051867405814108
std,3.0276503540974917,3282.308915599114,0.0013249704556376743,1655.90336182528,0.0009345622408759669,0.024699836960158407
min,160.0,126611.09847723854,0.972875148310256,121407.11904062252,0.9868345996223863,1.0089269901426468
25%,162.25,127109.2442080246,0.9746116795936748,122905.16424660484,0.9882697664971933,1.038362819257166
50%,164.5,130341.95048323652,0.9751012481025574,123847.326651741,0.9889078489797936,1.0567348716905522
75%,166.75,133196.17349687056,0.9760148865929894,125452.02182174742,0.9894250091898087,1.0710581420518834
max,169.0,135089.15776366368,0.9774585274026756,126188.65675927239,0.989902964091919,1.084375566372171
