,Original Spectral Index,Vinyl Peak Area,R2_Vinyl,pxyl Peak Area,R2_pxyl,Vinyl Divide pxyl
count,8.0,8.0,8.0,8.0,8.0,8.0
mean,204.625,109443.41327978185,0.9730379984220898,115511.5266181621,0.9890558993671081,0.9477233873593233
std,3.020761493398643,2575.7304018980185,0.0008703262848449569,2197.170256810312,0.0014353400236101484,0.02685794827159272
min,200.0,104887.64328651308,0.9720760493607347,111857.66586915166,0.9861539258546794,0.9053640167119608
25%,202.75,108034.96179667795,0.9723969165686909,114545.96218695347,0.9883460562922506,0.9300363621307793
50%,204.5,109787.79400627353,0.9728367331063981,115636.14479280154,0.9894849894440618,0.956857769047915
75%,206.5,110867.37825045131,0.9734984564791587,116403.45040112194,0.9899609940349314,0.967224526297785
max,209.0,113283.17195786115,0.9744170842319961,119048.41935679376,0.9905169958934823,0.9752534157363519
