,Original Spectral Index,Vinyl Peak Area,R2_Vinyl,pxyl Peak Area,R2_pxyl,Vinyl Divide pxyl
count,10.0,10.0,10.0,10.0,10.0,10.0
mean,34.5,208828.8344680247,0.9814800000984023,149672.24787765183,0.9858319512853481,1.3953730925024874
std,3.0276503540974917,3178.4559365553723,0.0007913365594443771,1995.050467093877,0.0007220901193553951,0.022846436619109477
min,30.0,204542.0717007505,0.9804965179211287,146825.06086537807,0.9846215911732559,1.369292974837562
25%,32.25,206508.897876886,0.9808388152436576,148476.55020308815,0.9852298487456895,1.3875201175761616
50%,34.5,207748.40949534808,0.981388067893836,149592.81946055545,0.9860672304759053,1.3917734138137234
75%,36.75,211424.64321979406,0.9819126331761558,151140.22623643797,0.9862699476733695,1.3982556592209985
max,39.0,213563.78977072437,0.9828982625198516,152991.10892032887,0.9868377994141091,1.4528542816445984
