,Original Spectral Index,Vinyl Peak Area,R2_Vinyl,pxyl Peak Area,R2_pxyl,Vinyl Divide pxyl
count,9.0,9.0,9.0,9.0,9.0,9.0
mean,34.333333333333336,253517.395977026,0.9856445250873573,152947.59551806806,0.9829268363479883,1.658650719710249
std,3.1622776601683795,1966.3004820477317,0.0007361111905560182,4496.609495226018,0.0012034787205061387,0.043941800573930205
min,30.0,249676.23538570313,0.984889475219257,149315.03779818266,0.9804889082944981,1.5738651181080332
25%,32.0,253111.16472865106,0.9850589867623416,149923.90957703986,0.9823226569076657,1.6536041771770587
50%,34.0,253758.23071790242,0.9854449312317752,150729.4166406036,0.9831595260281104,1.680618133650241
75%,37.0,254541.86840650157,0.9862597140952661,153688.93091810567,0.9834067551216861,1.6869251278714377
max,39.0,256111.87384304634,0.9868422171543642,161033.47044385603,0.9845530989892345,1.7047302948183003
