,Original Spectral Index,Vinyl Peak Area,R2_Vinyl,pxyl Peak Area,R2_pxyl,Vinyl Divide pxyl
count,10.0,10.0,10.0,10.0,10.0,10.0
mean,104.5,186399.64941847505,0.9795704698362782,152496.79186125472,0.9879088607236287,1.2227032987365625
std,3.0276503540974917,1639.6715645859256,0.000845622146793121,2506.285240038669,0.0014408009564331448,0.02751228809125092
min,100.0,183648.79103705916,0.9779569923387024,149722.59399522137,0.9851323557919902,1.1715441860445606
25%,102.25,185112.33646229233,0.9792051644886913,150292.7716326745,0.9870529375398389,1.2060024014822641
50%,104.5,186743.26749500836,0.9796386158654381,152584.38467152588,0.9880015108368171,1.220051117664791
75%,106.75,187484.25422989496,0.9801252733930363,153850.55940368836,0.9890408394056205,1.243197949461663
max,109.0,188901.93674334275,0.9808437149314468,157709.04700156677,0.9897644972974974,1.2616795615321217
