,Condition,Mean Ratio,Standard Deviation
0,10,2.4280585827399,0.08374450128241483
1,11,2.998519293089882,0.033855905113482264
2,12,2.9743778954615805,0.025495649463858995
3,13,4.225432684815038,0.1866722325703727
4,14,4.691664477064686,0.10612783702047954
5,15,4.600685262962266,0.08933203843926389
6,16,6.917518314089816,0.12250754164485483
7,17,7.665290894359801,0.2504800320203298
8,18,7.744346628113843,0.12748424818360168
