,Condition,Mean Ratio,Standard Deviation
0,10,2.1572800792197357,0.05981327830237289
1,11,2.3103081904612077,0.042484186639565866
2,12,2.2604010557272494,0.048678116075669506
3,13,3.437050952452219,0.06652329051373547
4,14,3.4445365303158986,0.10270978141856049
5,15,3.1999147249738797,0.08412366897070082
6,16,4.994108386374898,0.1648966371807816
7,17,5.631145154002467,0.2839454269169072
8,18,5.443330425964007,0.21786884454822553
