,Condition,Mean Ratio,Standard Deviation
0,10,3.2571550212514473,0.05224107976434137
1,11,3.6461523669145093,0.020660730644094485
2,12,3.562788622694833,0.04661944468153915
3,13,5.1924058288922215,0.08122070915022049
4,14,5.714982366652949,0.08011907302259157
5,15,5.718755938187401,0.11530128090079386
6,16,9.511260492836822,0.555118685563396
7,17,9.798752570491393,0.3100158740005837
8,18,10.12620822901009,0.21617255447010697
