,Condition,Mean Ratio,Standard Deviation
0,10,2.866122725382854,0.0686470591169569
1,11,3.4206804506640696,0.04413719708180993
2,12,3.489807254680998,0.06480792131520287
3,13,4.878866940927868,0.058345194021613395
4,14,5.481312219950526,0.07428754225487348
5,15,5.502230780382423,0.07416062878343758
6,16,8.602723339737057,0.1198611797823747
7,17,9.549913288573968,0.13901915002574414
8,18,9.604201971502839,0.2716826014630478
