,Condition,Mean Ratio,Standard Deviation
0,10,2.2259847162098225,0.05792580349982575
1,11,2.5462681631027815,0.07649235101626511
2,12,2.470561164705416,0.0818144302681168
3,13,3.5365752965492208,0.0653162121689342
4,14,3.8521925430462707,0.08835126407662434
5,15,3.743014464882081,0.12059881809499345
6,16,5.785208320312128,0.29371581215545006
7,17,6.386851122058611,0.28231819658232804
8,18,6.257026142373739,0.21654398619722878
