,Condition,Mean Ratio,Standard Deviation
0,10,2.502577196143004,0.09470829937768405
1,11,2.33238272554047,0.04823539444549665
2,12,2.20900534222245,0.056145997089780235
3,13,3.3793239193323235,0.06719175546851969
4,14,3.4499444926686778,0.09271294072804398
5,15,3.3429172117824946,0.12623029311791378
6,16,4.999599754275001,0.15550454940317232
7,17,5.831320759638401,0.21952831238865397
8,18,5.724859173222132,0.21667537677564566
