,Condition,Mean Ratio,Standard Deviation
0,1,1.033254078338551,0.01850443045818131
1,2,0.9734379859577034,0.021186964787476448
2,3,0.9263645738149441,0.024376354465539905
3,4,1.3049996784004843,0.027308338949929258
4,5,1.36923569212287,0.038829680059780186
5,6,1.3635427649158358,0.04442335098160566
6,7,1.9362094711697744,0.03521811892169457
7,8,2.020502583163622,0.04709256086523021
8,9,1.9215194811143266,0.04139428334890064
