,Condition,Mean Ratio,Standard Deviation
0,1,1.1054289781095015,0.01672957287680915
1,2,1.098074530046675,0.013623210755715877
2,3,1.1162154730212521,0.029824907880975728
3,4,1.5564312432502647,0.016901215793162897
4,5,1.700974567276282,0.02411259874050658
5,6,1.7396145567813595,0.015611494994737289
6,7,2.309299988925253,0.06993639126482233
7,8,2.5295580873626755,0.050918375453161725
8,9,2.706746625553304,0.042771016436883906
