,Condition,Mean Ratio,Standard Deviation
0,1,0.7930048179334563,0.035386870725840576
1,2,0.7355337755604493,0.016498886919807387
2,3,0.6510051410279283,0.025768843988375017
3,4,1.118009464204365,0.033236381000003395
4,5,1.08656791052654,0.02953109190347769
5,6,0.9446670683532383,0.026924782001501103
6,7,1.5045192965930991,0.039192139468606446
7,8,1.4935559413464292,0.04096166371299924
8,9,1.2868091717346275,0.039719501010541364
