,Condition,Mean Ratio,Standard Deviation
0,1,0.7474282546417349,0.02770709238788373
1,2,0.6810592907046418,0.02519332106930312
2,3,0.5763808743215906,0.027441633937532448
3,4,1.049087569135662,0.022226677648341898
4,5,1.0432219155817173,0.019766366707770627
5,6,0.8424610026915292,0.029281223724327433
6,7,1.4297927659859893,0.024199210978671566
7,8,1.3428423553658304,0.03408334142234591
8,9,1.1652787277633285,0.04116395128529889
