,Condition,Mean Ratio,Standard Deviation
0,1,1.0461813299779366,0.012273232719258566
1,2,1.01821336867399,0.01922196874735868
2,3,1.0514473504647996,0.017525179853689125
3,4,1.465090858231067,0.03256340018317072
4,5,1.5741958758595247,0.02582213459583438
5,6,1.6494949529213412,0.02124599075088985
6,7,2.2170687971535363,0.03872997270897345
7,8,2.4961979675074764,0.0348685383053422
8,9,2.3843305802252273,0.03605296868001729
