,Condition,Mean Ratio,Standard Deviation
0,1,0.8342918614568025,0.025710131275249445
1,2,0.8073157672371896,0.02749115373585617
2,3,0.8011876240414632,0.012982874496153237
3,4,1.25250677170189,0.025390239411600988
4,5,1.2748371242564833,0.02695459098860212
5,6,1.1738095952746541,0.027580707820852816
6,7,1.7593937835158033,0.03822552892173519
7,8,1.7655694107812239,0.05273994319055782
8,9,1.5060347461496235,0.030100264509203382
